config,iteration,best_fitness,worst_fitness,avg_fitness
1,1,0.679945,1.003633,0.813526
1,2,0.664479,0.943169,0.769368
1,3,0.664479,0.933709,0.746154
1,4,0.664479,0.868976,0.718604
1,5,0.664479,0.868976,0.701411
1,6,0.661250,0.744570,0.684975
1,7,0.661250,0.704775,0.669990
1,8,0.661250,0.673897,0.664980
1,9,0.661250,0.670803,0.662966
1,10,0.661250,0.664479,0.662326
1,11,0.661250,0.664479,0.661896
1,12,0.661250,0.664479,0.661358
1,13,0.661250,0.661250,0.661250
1,14,0.661250,0.661250,0.661250
1,15,0.661250,0.661250,0.661250
1,16,0.661250,0.661250,0.661250
1,17,0.661250,0.661250,0.661250
1,18,0.661250,0.661250,0.661250
1,19,0.661250,0.661250,0.661250
1,20,0.661250,0.661250,0.661250
1,21,0.661250,0.661250,0.661250
1,22,0.661250,0.661250,0.661250
1,23,0.661250,0.661250,0.661250
1,24,0.661250,0.661250,0.661250
1,25,0.661250,0.661250,0.661250
1,26,0.661250,0.661250,0.661250
1,27,0.661250,0.661250,0.661250
1,28,0.661250,0.661250,0.661250
1,29,0.661250,0.661250,0.661250
1,30,0.661250,0.661250,0.661250
1,31,0.661250,0.661250,0.661250
1,32,0.661250,0.661250,0.661250
1,33,0.661250,0.661250,0.661250
1,34,0.661250,0.661250,0.661250
1,35,0.661250,0.661250,0.661250
1,36,0.661250,0.661250,0.661250
1,37,0.661250,0.661250,0.661250
1,38,0.661250,0.661250,0.661250
1,39,0.661250,0.661250,0.661250
1,40,0.661250,0.661250,0.661250
1,41,0.661250,0.661250,0.661250
1,42,0.661250,0.661250,0.661250
1,43,0.661250,0.661250,0.661250
1,44,0.661250,0.661250,0.661250
1,45,0.661250,0.661250,0.661250
1,46,0.661250,0.661250,0.661250
1,47,0.661250,0.661250,0.661250
1,48,0.661250,0.661250,0.661250
1,49,0.661250,0.661250,0.661250
1,50,0.661250,0.661250,0.661250
1,51,0.661250,0.661250,0.661250
1,52,0.661250,0.661250,0.661250
1,53,0.661250,0.661250,0.661250
1,54,0.661250,0.661250,0.661250
1,55,0.661250,0.661250,0.661250
1,56,0.661250,0.661250,0.661250
1,57,0.661250,0.661250,0.661250
1,58,0.661250,0.661250,0.661250
1,59,0.661250,0.661250,0.661250
1,60,0.661250,0.661250,0.661250
1,61,0.661250,0.661250,0.661250
1,62,0.661250,0.661250,0.661250
1,63,0.661250,0.661250,0.661250
1,64,0.661250,0.661250,0.661250
1,65,0.661250,0.661250,0.661250
1,66,0.661250,0.661250,0.661250
1,67,0.661250,0.661250,0.661250
1,68,0.661250,0.661250,0.661250
1,69,0.661250,0.661250,0.661250
1,70,0.661250,0.661250,0.661250
1,71,0.661250,0.661250,0.661250
1,72,0.661250,0.661250,0.661250
1,73,0.661250,0.661250,0.661250
1,74,0.661250,0.661250,0.661250
1,75,0.661250,0.661250,0.661250
1,76,0.661250,0.661250,0.661250
1,77,0.661250,0.661250,0.661250
1,78,0.661250,0.661250,0.661250
1,79,0.661250,0.661250,0.661250
1,80,0.661250,0.661250,0.661250
1,81,0.661250,0.661250,0.661250
1,82,0.661250,0.661250,0.661250
1,83,0.661250,0.661250,0.661250
1,84,0.661250,0.661250,0.661250
1,85,0.661250,0.661250,0.661250
1,86,0.661250,0.661250,0.661250
1,87,0.661250,0.661250,0.661250
1,88,0.661250,0.661250,0.661250
1,89,0.661250,0.661250,0.661250
1,90,0.661250,0.661250,0.661250
1,91,0.661250,0.661250,0.661250
1,92,0.661250,0.661250,0.661250
1,93,0.661250,0.661250,0.661250
1,94,0.661250,0.661250,0.661250
1,95,0.661250,0.661250,0.661250
1,96,0.661250,0.661250,0.661250
1,97,0.661250,0.661250,0.661250
1,98,0.661250,0.661250,0.661250
1,99,0.661250,0.661250,0.661250
1,100,0.661250,0.661250,0.661250
2,1,0.566303,11.605659,2.041007
2,2,0.566303,7.997472,1.224391
2,3,0.566303,1.291699,0.934563
2,4,0.566303,1.186198,0.846084
2,5,0.566303,1.153380,0.787540
2,6,0.566303,1.095557,0.759102
2,7,0.566303,1.095557,0.717731
2,8,0.557487,1.009062,0.642655
2,9,0.557487,1.009062,0.618453
2,10,0.557487,0.688685,0.588325
2,11,0.511540,0.643781,0.564478
2,12,0.510333,0.643299,0.546219
2,13,0.510144,0.643299,0.541277
2,14,0.510144,0.643299,0.533800
2,15,0.510144,0.586866,0.527728
2,16,0.510144,0.586866,0.521190
2,17,0.510144,0.567583,0.516910
2,18,0.510144,0.553501,0.513568
2,19,0.510144,0.553501,0.512376
2,20,0.510144,0.553501,0.512091
2,21,0.502124,0.511456,0.505173
2,22,0.501974,0.511456,0.503345
2,23,0.501974,0.503700,0.502706
2,24,0.501974,0.503700,0.502464
2,25,0.501974,0.503088,0.502308
2,26,0.501974,0.503088,0.502176
2,27,0.501974,0.503088,0.502071
2,28,0.501974,0.503088,0.502036
2,29,0.501974,0.502053,0.501985
2,30,0.501974,0.502053,0.501977
2,31,0.501974,0.502053,0.501977
2,32,0.501974,0.501974,0.501974
2,33,0.501974,0.501974,0.501974
2,34,0.501974,0.501974,0.501974
2,35,0.501974,0.501974,0.501974
2,36,0.501974,0.501974,0.501974
2,37,0.501974,0.501974,0.501974
2,38,0.501974,0.501974,0.501974
2,39,0.501974,0.501974,0.501974
2,40,0.501974,0.501974,0.501974
2,41,0.501974,0.501974,0.501974
2,42,0.501974,0.501974,0.501974
2,43,0.501974,0.501974,0.501974
2,44,0.501974,0.501974,0.501974
2,45,0.501974,0.501974,0.501974
2,46,0.501974,0.501974,0.501974
2,47,0.501974,0.501974,0.501974
2,48,0.501974,0.501974,0.501974
2,49,0.501974,0.501974,0.501974
2,50,0.501974,0.501974,0.501974
2,51,0.501974,0.501974,0.501974
2,52,0.501974,0.501974,0.501974
2,53,0.501974,0.501974,0.501974
2,54,0.501974,0.501974,0.501974
2,55,0.501974,0.501974,0.501974
2,56,0.501974,0.501974,0.501974
2,57,0.501974,0.501974,0.501974
2,58,0.501974,0.501974,0.501974
2,59,0.501974,0.501974,0.501974
2,60,0.501974,0.501974,0.501974
2,61,0.501974,0.501974,0.501974
2,62,0.501974,0.501974,0.501974
2,63,0.501974,0.501974,0.501974
2,64,0.501974,0.501974,0.501974
2,65,0.501974,0.501974,0.501974
2,66,0.501974,0.501974,0.501974
2,67,0.501974,0.501974,0.501974
2,68,0.501974,0.501974,0.501974
2,69,0.501974,0.501974,0.501974
2,70,0.501974,0.501974,0.501974
2,71,0.501974,0.501974,0.501974
2,72,0.501974,0.501974,0.501974
2,73,0.501974,0.501974,0.501974
2,74,0.501974,0.501974,0.501974
2,75,0.501974,0.501974,0.501974
2,76,0.501974,0.501974,0.501974
2,77,0.501974,0.501974,0.501974
2,78,0.501974,0.501974,0.501974
2,79,0.501974,0.501974,0.501974
2,80,0.501974,0.501974,0.501974
2,81,0.501974,0.501974,0.501974
2,82,0.501974,0.501974,0.501974
2,83,0.501974,0.501974,0.501974
2,84,0.501974,0.501974,0.501974
2,85,0.501974,0.501974,0.501974
2,86,0.501974,0.501974,0.501974
2,87,0.501974,0.501974,0.501974
2,88,0.501974,0.501974,0.501974
2,89,0.501974,0.501974,0.501974
2,90,0.501974,0.501974,0.501974
2,91,0.501974,0.501974,0.501974
2,92,0.501974,0.501974,0.501974
2,93,0.501974,0.501974,0.501974
2,94,0.501974,0.501974,0.501974
2,95,0.501974,0.501974,0.501974
2,96,0.501974,0.501974,0.501974
2,97,0.501974,0.501974,0.501974
2,98,0.501974,0.501974,0.501974
2,99,0.501974,0.501974,0.501974
2,100,0.501974,0.501974,0.501974
3,1,0.515057,18.358511,7.574337
3,2,0.515057,13.780240,4.814759
3,3,0.515057,9.711661,2.160373
3,4,0.515057,9.711661,2.118055
3,5,0.515057,9.252170,1.368221
3,6,0.515057,9.252170,1.337764
3,7,0.515057,9.252170,1.117591
3,8,0.515057,7.009465,0.961526
3,9,0.515057,7.009465,0.906336
3,10,0.515057,7.009465,0.885438
3,11,0.515057,0.946448,0.659054
3,12,0.515057,0.946448,0.659054
3,13,0.515057,0.946448,0.659054
3,14,0.515057,0.946448,0.649753
3,15,0.515057,0.946448,0.649753
3,16,0.515057,0.946448,0.649753
3,17,0.515057,0.946448,0.636569
3,18,0.515057,0.946448,0.636569
3,19,0.515057,0.946448,0.636569
3,20,0.515057,0.946448,0.635915
3,21,0.515057,0.873163,0.627271
3,22,0.515057,0.873163,0.625749
3,23,0.515057,0.873163,0.625749
3,24,0.515057,0.873163,0.623714
3,25,0.515057,0.873163,0.623714
3,26,0.515057,0.873163,0.623714
3,27,0.515057,0.873163,0.623714
3,28,0.515057,0.873163,0.623714
3,29,0.515057,0.873163,0.623714
3,30,0.515057,0.873163,0.623714
3,31,0.515057,0.840763,0.614654
3,32,0.515057,0.840763,0.614654
3,33,0.515057,0.840763,0.614654
3,34,0.515057,0.840763,0.614654
3,35,0.515057,0.840763,0.614654
3,36,0.515057,0.840763,0.614654
3,37,0.515057,0.840763,0.614654
3,38,0.515057,0.840763,0.614654
3,39,0.515057,0.840763,0.614654
3,40,0.515057,0.840763,0.614654
3,41,0.515057,0.745388,0.605745
3,42,0.515057,0.745388,0.605745
3,43,0.515057,0.745388,0.605745
3,44,0.515057,0.745388,0.605745
3,45,0.515057,0.745388,0.605745
3,46,0.515057,0.745388,0.605745
3,47,0.515057,0.745388,0.605745
3,48,0.515057,0.745388,0.605745
3,49,0.515057,0.745388,0.605745
3,50,0.515057,0.745388,0.605745
3,51,0.515057,0.699936,0.598529
3,52,0.515057,0.699936,0.598529
3,53,0.515057,0.699936,0.598529
3,54,0.515057,0.699936,0.598529
3,55,0.515057,0.699936,0.598529
3,56,0.515057,0.699936,0.598529
3,57,0.515057,0.699936,0.598529
3,58,0.515057,0.699936,0.598529
3,59,0.515057,0.699936,0.598529
3,60,0.515057,0.699936,0.598529
3,61,0.515057,0.698489,0.595586
3,62,0.515057,0.698489,0.582120
3,63,0.515057,0.641489,0.573334
3,64,0.515057,0.637002,0.570962
3,65,0.515057,0.637002,0.566577
3,66,0.515057,0.637002,0.563770
3,67,0.515057,0.579364,0.558437
3,68,0.515057,0.579364,0.557207
3,69,0.515057,0.569439,0.555549
3,70,0.515057,0.569439,0.554470
3,71,0.507943,0.567197,0.541541
3,72,0.507943,0.567197,0.528506
3,73,0.507943,0.567197,0.520009
3,74,0.507943,0.543077,0.513876
3,75,0.507943,0.528572,0.510848
3,76,0.507943,0.512855,0.509487
3,77,0.507943,0.512649,0.508853
3,78,0.507943,0.509572,0.508421
3,79,0.507943,0.508858,0.508194
3,80,0.507943,0.508858,0.508021
3,81,0.470012,0.507943,0.475856
3,82,0.470012,0.472157,0.470511
3,83,0.470012,0.472157,0.470433
3,84,0.470012,0.472157,0.470275
3,85,0.470012,0.470699,0.470077
3,86,0.470012,0.470323,0.470023
3,87,0.470012,0.470012,0.470012
3,88,0.470012,0.470012,0.470012
3,89,0.470012,0.470012,0.470012
3,90,0.470012,0.470012,0.470012
3,91,0.470012,0.470012,0.470012
3,92,0.470012,0.470012,0.470012
3,93,0.470012,0.470012,0.470012
3,94,0.470012,0.470012,0.470012
3,95,0.470012,0.470012,0.470012
3,96,0.470012,0.470012,0.470012
3,97,0.470012,0.470012,0.470012
3,98,0.470012,0.470012,0.470012
3,99,0.470012,0.470012,0.470012
3,100,0.470012,0.470012,0.470012
4,1,0.580477,28.052752,16.306968
4,2,0.580477,25.260351,13.272313
4,3,0.580477,20.011528,12.081910
4,4,0.580477,20.011528,9.016590
4,5,0.580477,16.267057,7.624140
4,6,0.580477,16.267057,6.076797
4,7,0.580477,15.103805,5.309155
4,8,0.580477,15.103805,4.754193
4,9,0.580477,9.459022,3.414344
4,10,0.580477,9.459022,2.795205
4,11,0.580477,9.407148,2.490829
4,12,0.580477,9.407148,2.490829
4,13,0.580477,9.407148,2.271397
4,14,0.580477,9.407148,2.271397
4,15,0.580477,9.407148,2.271397
4,16,0.580477,9.407148,1.804562
4,17,0.580477,9.407148,1.804562
4,18,0.580477,9.407148,1.577016
4,19,0.580477,9.407148,1.577016
4,20,0.580477,9.407148,1.564654
4,21,0.580477,8.218719,1.264538
4,22,0.580477,8.218719,1.264538
4,23,0.580477,8.218719,1.264538
4,24,0.580477,8.218719,1.264538
4,25,0.580477,8.218719,1.264538
4,26,0.580477,8.218719,1.264538
4,27,0.580477,8.181810,1.263308
4,28,0.580477,8.181810,1.263308
4,29,0.580477,8.181810,1.067167
4,30,0.580477,7.698176,1.051046
4,31,0.580477,1.202044,0.808145
4,32,0.580477,1.202044,0.808145
4,33,0.580477,1.202044,0.805580
4,34,0.580477,1.202044,0.805580
4,35,0.580477,1.202044,0.805580
4,36,0.580477,1.202044,0.794071
4,37,0.580477,1.202044,0.794071
4,38,0.580477,1.202044,0.794071
4,39,0.580477,1.202044,0.794071
4,40,0.580477,1.202044,0.793011
4,41,0.580477,1.052719,0.769878
4,42,0.580477,1.052719,0.768810
4,43,0.580477,1.052719,0.765807
4,44,0.580477,1.052719,0.753363
4,45,0.580477,0.974487,0.749451
4,46,0.580477,0.974487,0.749451
4,47,0.580477,0.974487,0.749451
4,48,0.580477,0.974487,0.749451
4,49,0.580477,0.974487,0.749451
4,50,0.580477,0.974487,0.749451
4,51,0.580477,0.951181,0.739964
4,52,0.580477,0.951181,0.739964
4,53,0.580477,0.951181,0.739964
4,54,0.580477,0.951181,0.739964
4,55,0.580477,0.951181,0.739964
4,56,0.580477,0.951181,0.739964
4,57,0.580477,0.951181,0.739964
4,58,0.580477,0.951181,0.739964
4,59,0.580477,0.951181,0.739964
4,60,0.580477,0.951181,0.739964
4,61,0.580477,0.943422,0.729811
4,62,0.580477,0.943422,0.728423
4,63,0.580477,0.943422,0.728423
4,64,0.580477,0.943422,0.727356
4,65,0.580477,0.943422,0.727356
4,66,0.580477,0.943422,0.727356
4,67,0.580477,0.943422,0.727356
4,68,0.580477,0.943422,0.723493
4,69,0.580477,0.865980,0.715980
4,70,0.580477,0.865980,0.714612
4,71,0.580477,0.815567,0.709596
4,72,0.580477,0.815567,0.709596
4,73,0.580477,0.815567,0.709596
4,74,0.580477,0.815567,0.709596
4,75,0.580477,0.815567,0.709596
4,76,0.580477,0.815567,0.709596
4,77,0.580477,0.815567,0.709596
4,78,0.580477,0.815567,0.709596
4,79,0.580477,0.815567,0.709596
4,80,0.580477,0.815567,0.709596
4,81,0.580477,0.810451,0.698819
4,82,0.580477,0.766339,0.691922
4,83,0.580477,0.766339,0.691922
4,84,0.580477,0.766339,0.685807
4,85,0.580477,0.766339,0.685807
4,86,0.580477,0.766339,0.685807
4,87,0.580477,0.766339,0.685807
4,88,0.580477,0.766339,0.685807
4,89,0.580477,0.766339,0.685364
4,90,0.580477,0.766339,0.685364
4,91,0.580477,0.763517,0.683830
4,92,0.580477,0.763517,0.683830
4,93,0.580477,0.763517,0.683830
4,94,0.580477,0.763517,0.683830
4,95,0.580477,0.763517,0.683830
4,96,0.580477,0.763517,0.683830
4,97,0.580477,0.763517,0.683830
4,98,0.580477,0.763517,0.683830
4,99,0.580477,0.763517,0.683830
4,100,0.580477,0.763517,0.683830
5,1,0.682425,38.945606,23.175624
5,2,0.682425,30.937782,19.993108
5,3,0.682425,30.737566,18.315442
5,4,0.682425,27.968815,16.060283
5,5,0.682425,27.240774,14.744327
5,6,0.682425,24.586168,13.290563
5,7,0.682425,20.839539,12.159062
5,8,0.682425,19.950367,10.509117
5,9,0.682425,19.950367,9.988861
5,10,0.682425,19.950367,9.065211
5,11,0.682425,15.602664,7.908240
5,12,0.682425,15.602664,7.908240
5,13,0.682425,15.602664,7.908240
5,14,0.682425,15.602664,7.843263
5,15,0.682425,15.602664,7.843263
5,16,0.682425,15.602664,7.843263
5,17,0.682425,15.602664,7.843263
5,18,0.682425,15.602664,7.843263
5,19,0.682425,15.602664,7.842084
5,20,0.682425,15.602664,7.773958
5,21,0.629476,13.660278,6.933738
5,22,0.629476,13.660278,6.933738
5,23,0.629476,13.660278,6.933738
5,24,0.629476,13.660278,6.933738
5,25,0.629476,13.660278,6.933738
5,26,0.629476,13.660278,6.933738
5,27,0.629476,13.660278,6.933738
5,28,0.629476,13.660278,6.933738
5,29,0.629476,13.660278,6.933738
5,30,0.629476,13.660278,6.933738
5,31,0.596725,11.664811,6.137632
5,32,0.596725,11.664811,6.137632
5,33,0.596725,11.664811,6.137632
5,34,0.596725,11.664811,6.137632
5,35,0.596725,11.664811,6.137632
5,36,0.596725,11.664811,6.061872
5,37,0.596725,11.664811,5.841590
5,38,0.596725,11.664811,5.841590
5,39,0.596725,11.664811,5.826208
5,40,0.596725,11.664811,5.825239
5,41,0.596725,11.279732,5.141855
5,42,0.596725,11.279732,5.115985
5,43,0.596725,11.279732,5.115985
5,44,0.596725,11.279732,5.115985
5,45,0.596725,11.279732,5.090431
5,46,0.596725,11.279732,5.090431
5,47,0.596725,11.279732,5.090431
5,48,0.596725,11.279732,5.090431
5,49,0.596725,11.279732,5.090431
5,50,0.596725,11.279732,5.090431
5,51,0.596725,10.614802,4.525517
5,52,0.596725,10.614802,4.525517
5,53,0.596725,10.614802,4.525517
5,54,0.596725,10.614802,4.511211
5,55,0.596725,10.614802,4.511211
5,56,0.596725,10.614802,4.511211
5,57,0.596725,10.614802,4.511211
5,58,0.596725,10.614802,4.511211
5,59,0.596725,10.614802,4.511211
5,60,0.596725,10.614802,4.496887
5,61,0.596725,10.398062,3.923715
5,62,0.596725,10.398062,3.923715
5,63,0.596725,10.398062,3.923715
5,64,0.596725,10.398062,3.923715
5,65,0.596725,10.398062,3.923715
5,66,0.596725,10.398062,3.923715
5,67,0.596725,10.398062,3.923715
5,68,0.596725,10.398062,3.923715
5,69,0.596725,10.398062,3.923715
5,70,0.596725,10.398062,3.889070
5,71,0.596725,9.824672,3.565306
5,72,0.596725,9.824672,3.565306
5,73,0.596725,9.824672,3.565306
5,74,0.596725,9.824672,3.565306
5,75,0.596725,9.824672,3.565306
5,76,0.596725,9.824672,3.565306
5,77,0.596725,9.824672,3.565306
5,78,0.596725,9.824672,3.565306
5,79,0.596725,9.824672,3.565306
5,80,0.596725,9.824672,3.565306
5,81,0.596725,9.181307,2.982701
5,82,0.596725,9.181307,2.982701
5,83,0.596725,9.181307,2.982701
5,84,0.596725,9.181307,2.982701
5,85,0.596725,9.181307,2.982701
5,86,0.596725,9.181307,2.982701
5,87,0.596725,9.181307,2.982701
5,88,0.596725,9.181307,2.982701
5,89,0.596725,9.181307,2.982701
5,90,0.596725,9.181307,2.982701
5,91,0.596725,8.885626,2.423953
5,92,0.596725,8.885626,2.423953
5,93,0.596725,8.885626,2.423953
5,94,0.596725,8.885626,2.423953
5,95,0.596725,8.885626,2.423953
5,96,0.596725,8.885626,2.423953
5,97,0.596725,8.885626,2.423953
5,98,0.596725,8.885626,2.423953
5,99,0.596725,8.885626,2.423953
5,100,0.596725,8.885626,2.423953
6,1,0.800922,43.061596,29.218564
6,2,0.800922,40.981541,27.683455
6,3,0.800922,39.939869,26.131639
6,4,0.800922,38.085125,23.652376
6,5,0.800922,33.092667,22.161795
6,6,0.800922,30.412134,20.641721
6,7,0.800922,28.954517,20.123632
6,8,0.800922,27.796783,19.220872
6,9,0.800922,26.960691,17.122003
6,10,0.800922,26.697971,16.311766
6,11,0.626723,22.891884,14.537101
6,12,0.626723,22.891884,14.537101
6,13,0.626723,22.891884,14.412862
6,14,0.626723,22.757156,14.315491
6,15,0.626723,22.757156,14.201546
6,16,0.626723,22.757156,14.178679
6,17,0.626723,22.757156,14.002398
6,18,0.626723,19.807859,13.501744
6,19,0.626723,19.807859,13.501744
6,20,0.626723,19.740482,13.331607
6,21,0.626723,19.298536,12.088435
6,22,0.626723,19.298536,12.088435
6,23,0.626723,19.298536,12.088435
6,24,0.626723,19.298536,12.088435
6,25,0.626723,19.298536,12.088435
6,26,0.626723,19.298536,12.088435
6,27,0.626723,19.298536,12.030839
6,28,0.626723,19.298536,12.030839
6,29,0.626723,19.298536,12.030839
6,30,0.626723,19.298536,12.030839
6,31,0.626723,19.237118,10.479028
6,32,0.626723,18.222023,10.319581
6,33,0.626723,18.222023,10.319581
6,34,0.626723,18.222023,10.081815
6,35,0.626723,18.222023,9.951986
6,36,0.626723,18.222023,9.823542
6,37,0.626723,18.222023,9.682404
6,38,0.626723,18.222023,9.570572
6,39,0.626723,18.222023,9.400992
6,40,0.626723,18.222023,9.400992
6,41,0.626723,17.236961,8.816433
6,42,0.626723,17.236961,8.816433
6,43,0.626723,17.236961,8.600457
6,44,0.626723,17.236961,8.600457
6,45,0.626723,17.236961,8.455213
6,46,0.626723,17.236961,8.397780
6,47,0.626723,17.236961,8.397780
6,48,0.626723,17.236961,8.397780
6,49,0.626723,17.236961,8.397780
6,50,0.626723,17.236961,8.397780
6,51,0.626723,15.231871,7.814407
6,52,0.626723,15.231871,7.814407
6,53,0.626723,15.231871,7.814407
6,54,0.626723,15.231871,7.814407
6,55,0.626723,15.231871,7.814407
6,56,0.626723,15.231871,7.814407
6,57,0.626723,15.231871,7.814407
6,58,0.626723,15.231871,7.814407
6,59,0.626723,15.231871,7.814407
6,60,0.626723,15.231871,7.814407
6,61,0.540201,15.206153,7.324684
6,62,0.540201,15.206153,7.324684
6,63,0.540201,15.206153,7.324684
6,64,0.540201,15.206153,7.324684
6,65,0.540201,15.206153,7.324684
6,66,0.540201,15.206153,7.324684
6,67,0.540201,15.206153,7.324684
6,68,0.540201,15.206153,7.324684
6,69,0.540201,15.206153,7.324684
6,70,0.540201,15.206153,7.324684
6,71,0.540201,13.667947,6.493377
6,72,0.540201,13.667947,6.493377
6,73,0.540201,13.667947,6.377923
6,74,0.540201,13.667947,6.377923
6,75,0.540201,13.446061,6.278936
6,76,0.540201,13.446061,6.257951
6,77,0.540201,13.446061,6.232917
6,78,0.540201,13.446061,6.232917
6,79,0.540201,13.446061,6.232917
6,80,0.540201,13.446061,6.232917
6,81,0.540201,12.277215,5.810117
6,82,0.540201,12.277215,5.810117
6,83,0.540201,12.277215,5.810117
6,84,0.540201,12.277215,5.810117
6,85,0.540201,12.277215,5.810117
6,86,0.540201,12.277215,5.810117
6,87,0.540201,12.277215,5.810117
6,88,0.540201,12.277215,5.810117
6,89,0.540201,12.277215,5.778224
6,90,0.540201,12.277215,5.778224
6,91,0.540201,11.877582,5.067598
6,92,0.540201,11.877582,5.067598
6,93,0.540201,11.877582,5.067598
6,94,0.540201,11.877582,5.067598
6,95,0.540201,11.877582,5.067598
6,96,0.540201,11.877582,4.731758
6,97,0.540201,11.877582,4.463573
6,98,0.540201,11.877582,4.463573
6,99,0.540201,11.877582,4.455544
6,100,0.540201,11.877582,4.180797
7,1,0.776085,53.575726,28.749038
7,2,0.776085,41.956894,23.189296
7,3,0.776085,40.099552,17.863800
7,4,0.776085,31.241255,15.489876
7,5,0.776085,26.061161,13.320159
7,6,0.776085,23.749693,12.155166
7,7,0.776085,23.749693,11.965550
7,8,0.776085,21.713642,9.920664
7,9,0.776085,18.200335,9.069532
7,10,0.776085,18.200335,9.046690
7,11,0.620168,17.763750,7.833944
7,12,0.620168,17.763750,7.833944
7,13,0.620168,17.763750,7.833944
7,14,0.620168,17.763750,7.833944
7,15,0.620168,17.763750,7.833944
7,16,0.620168,17.763750,7.833944
7,17,0.620168,17.763750,7.833944
7,18,0.620168,17.763750,7.633038
7,19,0.620168,17.763750,7.633038
7,20,0.620168,17.763750,7.633038
7,21,0.620168,15.996655,6.710901
7,22,0.620168,15.996655,6.710901
7,23,0.620168,15.996655,6.710901
7,24,0.620168,15.996655,6.710901
7,25,0.620168,15.996655,6.710901
7,26,0.620168,15.996655,6.710901
7,27,0.620168,15.996655,6.710901
7,28,0.620168,15.996655,6.710901
7,29,0.620168,15.996655,6.710901
7,30,0.620168,15.996655,6.710901
7,31,0.620168,14.087433,5.875691
7,32,0.620168,14.087433,5.875691
7,33,0.620168,14.087433,5.875691
7,34,0.620168,14.087433,5.875691
7,35,0.620168,14.087433,5.875691
7,36,0.620168,14.087433,5.875691
7,37,0.620168,14.087433,5.875691
7,38,0.620168,14.087433,5.875691
7,39,0.620168,14.087433,5.875691
7,40,0.620168,14.087433,5.875691
7,41,0.620168,12.999955,5.416279
7,42,0.620168,12.999955,5.416279
7,43,0.620168,12.999955,5.416279
7,44,0.620168,12.999955,5.416279
7,45,0.620168,12.999955,5.416279
7,46,0.620168,12.999955,5.416279
7,47,0.620168,12.999955,5.416279
7,48,0.620168,12.999955,5.416279
7,49,0.620168,12.999955,5.416279
7,50,0.620168,12.999955,5.416279
7,51,0.620168,12.493388,4.914815
7,52,0.620168,11.179994,4.793412
7,53,0.620168,11.179994,4.751379
7,54,0.620168,11.179994,4.751379
7,55,0.620168,11.179994,4.751379
7,56,0.620168,11.179994,4.751379
7,57,0.620168,11.179994,4.719345
7,58,0.620168,11.179994,4.719345
7,59,0.620168,11.179994,4.719345
7,60,0.620168,11.179994,4.719345
7,61,0.620168,10.922729,4.060036
7,62,0.620168,10.922729,4.060036
7,63,0.620168,10.922729,4.060036
7,64,0.620168,10.922729,4.060036
7,65,0.620168,10.922729,4.060036
7,66,0.620168,10.922729,4.060036
7,67,0.620168,10.922729,4.060036
7,68,0.620168,10.922729,4.060036
7,69,0.620168,10.922729,4.060036
7,70,0.620168,10.922729,4.060036
7,71,0.620168,10.690319,3.717998
7,72,0.620168,10.690319,3.717998
7,73,0.620168,10.690319,3.717998
7,74,0.620168,10.690319,3.717998
7,75,0.620168,10.690319,3.717998
7,76,0.620168,10.690319,3.717998
7,77,0.620168,10.690319,3.717998
7,78,0.620168,10.690319,3.682038
7,79,0.620168,10.690319,3.682038
7,80,0.620168,10.690319,3.682038
7,81,0.620168,10.615030,3.349853
7,82,0.620168,10.615030,3.349853
7,83,0.620168,10.615030,3.349853
7,84,0.620168,10.615030,3.348394
7,85,0.620168,10.615030,3.348394
7,86,0.620168,10.615030,3.348394
7,87,0.620168,10.615030,3.348394
7,88,0.620168,10.615030,3.348394
7,89,0.620168,10.615030,3.348394
7,90,0.620168,10.615030,3.348394
7,91,0.620168,10.286055,2.776122
7,92,0.620168,10.286055,2.776122
7,93,0.620168,10.286055,2.776122
7,94,0.620168,10.286055,2.758181
7,95,0.620168,10.286055,2.758181
7,96,0.620168,10.286055,2.758181
7,97,0.620168,10.286055,2.758181
7,98,0.620168,10.286055,2.471852
7,99,0.620168,10.286055,2.471852
7,100,0.620168,9.243091,2.434136
8,1,0.633154,57.679455,30.125266
8,2,0.633154,44.605877,26.559863
8,3,0.633154,41.283314,24.311138
8,4,0.633154,41.283314,23.564167
8,5,0.633154,34.863705,21.486496
8,6,0.633154,34.863705,20.109512
8,7,0.633154,31.786533,18.482308
8,8,0.633154,29.863533,17.018149
8,9,0.633154,29.863533,16.945371
8,10,0.633154,25.728148,16.337088
8,11,0.633154,25.515491,14.604014
8,12,0.633154,24.002171,14.043579
8,13,0.633154,24.002171,13.501377
8,14,0.633154,22.875053,12.531587
8,15,0.633154,21.681950,11.590536
8,16,0.633154,21.681950,10.903387
8,17,0.633154,20.102108,10.304639
8,18,0.633154,19.712284,9.675256
8,19,0.633154,19.712284,8.989100
8,20,0.633154,19.712284,8.743841
8,21,0.615581,18.673771,7.626396
8,22,0.615581,16.348173,7.416745
8,23,0.615581,16.348173,7.358632
8,24,0.615581,16.348173,7.235361
8,25,0.615581,16.348173,7.235361
8,26,0.615581,16.348173,7.224855
8,27,0.615581,16.348173,7.224855
8,28,0.615581,16.348173,7.070350
8,29,0.615581,16.348173,7.070350
8,30,0.615581,16.348173,7.032968
8,31,0.581321,13.827288,6.269261
8,32,0.581321,13.827288,6.269261
8,33,0.581321,13.827288,6.267352
8,34,0.581321,13.827288,6.221310
8,35,0.581321,13.756730,6.218958
8,36,0.581321,13.524323,5.656137
8,37,0.581321,13.524323,5.656137
8,38,0.581321,13.524323,5.656137
8,39,0.581321,13.524323,5.338057
8,40,0.581321,13.524323,5.338057
8,41,0.581321,12.360973,4.902607
8,42,0.581321,12.360973,4.902607
8,43,0.581321,12.360973,4.902607
8,44,0.581321,12.360973,4.902607
8,45,0.581321,12.360973,4.902607
8,46,0.581321,12.360973,4.902607
8,47,0.581321,12.360973,4.902607
8,48,0.581321,12.360973,4.902607
8,49,0.581321,12.360973,4.902607
8,50,0.581321,12.360973,4.902607
8,51,0.581321,9.246177,4.513056
8,52,0.581321,9.246177,4.513056
8,53,0.581321,9.246177,4.513056
8,54,0.581321,9.246177,4.513056
8,55,0.581321,9.246177,4.513056
8,56,0.581321,9.246177,4.513056
8,57,0.581321,9.246177,4.513056
8,58,0.581321,9.246177,4.513056
8,59,0.581321,9.246177,4.513056
8,60,0.581321,9.246177,4.513056
8,61,0.581321,9.193381,3.998789
8,62,0.581321,9.193381,3.998789
8,63,0.581321,9.193381,3.998789
8,64,0.581321,9.193381,3.771484
8,65,0.581321,9.193381,3.771484
8,66,0.581321,9.193381,3.771484
8,67,0.581321,9.193381,3.771484
8,68,0.581321,9.193381,3.771484
8,69,0.581321,9.193381,3.771484
8,70,0.581321,9.193381,3.771484
8,71,0.581321,8.501825,3.258348
8,72,0.581321,8.501825,3.258348
8,73,0.581321,8.501825,3.258348
8,74,0.581321,8.501825,3.258348
8,75,0.581321,8.501825,3.258348
8,76,0.581321,8.501825,3.258348
8,77,0.581321,8.501825,3.258348
8,78,0.581321,8.501825,3.258348
8,79,0.581321,8.501825,3.258348
8,80,0.581321,8.501825,3.258348
8,81,0.581321,8.098569,2.999729
8,82,0.581321,8.098569,2.999729
8,83,0.581321,8.098569,2.999729
8,84,0.581321,8.098569,2.999729
8,85,0.581321,8.098569,2.999729
8,86,0.581321,8.098569,2.999729
8,87,0.581321,8.098569,2.999729
8,88,0.581321,8.098569,2.999729
8,89,0.581321,8.098569,2.999729
8,90,0.581321,8.098569,2.999729
8,91,0.581321,8.098569,2.751879
8,92,0.581321,8.098569,2.751879
8,93,0.581321,8.098569,2.751879
8,94,0.581321,8.098569,2.751879
8,95,0.581321,8.098569,2.751879
8,96,0.581321,8.098569,2.751879
8,97,0.581321,8.098569,2.751879
8,98,0.581321,8.098569,2.751879
8,99,0.581321,8.098569,2.751879
8,100,0.581321,8.098569,2.751879
9,1,0.637118,47.978653,30.844200
9,2,0.637118,36.784153,24.676317
9,3,0.637118,32.722862,20.677611
9,4,0.637118,32.184860,18.208005
9,5,0.637118,30.915144,17.278773
9,6,0.637118,24.743446,14.866193
9,7,0.637118,21.683552,13.704096
9,8,0.637118,21.505257,12.522294
9,9,0.637118,21.505257,12.017362
9,10,0.637118,21.505257,11.822039
9,11,0.581880,20.695133,10.613279
9,12,0.581880,20.695133,10.613279
9,13,0.581880,20.510693,10.408922
9,14,0.581880,20.510693,10.408922
9,15,0.581880,20.510693,10.019031
9,16,0.581880,20.510693,9.509969
9,17,0.581880,20.510693,9.430341
9,18,0.581880,20.510693,9.385139
9,19,0.581880,18.782703,9.232686
9,20,0.581880,18.782703,9.015025
9,21,0.581880,14.549276,8.147286
9,22,0.581880,14.549276,8.147286
9,23,0.581880,14.549276,8.147286
9,24,0.581880,14.549276,8.147286
9,25,0.581880,14.549276,8.147286
9,26,0.581880,14.549276,8.147286
9,27,0.581880,14.549276,8.147286
9,28,0.581880,14.549276,8.147286
9,29,0.581880,14.549276,8.147286
9,30,0.581880,14.549276,8.147286
9,31,0.571609,14.256078,7.441112
9,32,0.571609,14.256078,7.441112
9,33,0.571609,14.256078,7.413623
9,34,0.571609,14.256078,7.333505
9,35,0.571609,14.256078,7.333505
9,36,0.571609,14.256078,7.284410
9,37,0.571609,14.256078,7.251009
9,38,0.571609,14.256078,7.251009
9,39,0.571609,14.256078,7.051570
9,40,0.571609,14.256078,7.051570
9,41,0.571609,13.996048,6.359391
9,42,0.571609,13.996048,6.034288
9,43,0.571609,13.996048,6.034288
9,44,0.571609,13.996048,6.034288
9,45,0.571609,13.996048,6.034288
9,46,0.571609,13.996048,6.034288
9,47,0.571609,11.253411,5.861490
9,48,0.571609,11.253411,5.741266
9,49,0.571609,10.050675,5.298113
9,50,0.571609,10.050675,5.298113
9,51,0.571609,9.833209,4.956218
9,52,0.571609,9.833209,4.928820
9,53,0.571609,9.833209,4.878768
9,54,0.571609,9.833209,4.872621
9,55,0.571609,9.833209,4.872621
9,56,0.571609,9.833209,4.872621
9,57,0.571609,9.833209,4.852983
9,58,0.571609,9.833209,4.820126
9,59,0.571609,9.833209,4.820126
9,60,0.571609,9.833209,4.820126
9,61,0.571609,9.377645,4.293596
9,62,0.571609,9.377645,4.293596
9,63,0.571609,9.377645,4.280454
9,64,0.571609,9.377645,4.280454
9,65,0.571609,9.377645,4.280454
9,66,0.571609,9.377645,4.280454
9,67,0.571609,9.377645,4.280454
9,68,0.571609,9.377645,4.280454
9,69,0.571609,8.971402,4.266912
9,70,0.571609,8.915833,4.265060
9,71,0.571609,8.909882,3.949331
9,72,0.571609,8.909882,3.949331
9,73,0.571609,8.909882,3.945805
9,74,0.571609,8.909882,3.945805
9,75,0.571609,8.909882,3.931448
9,76,0.571609,8.909882,3.931448
9,77,0.571609,8.442324,3.646389
9,78,0.571609,8.442324,3.642632
9,79,0.571609,8.442324,3.406969
9,80,0.571609,8.442324,3.406969
9,81,0.571609,8.013104,3.145623
9,82,0.571609,8.013104,3.145623
9,83,0.571609,8.013104,3.145623
9,84,0.571609,8.013104,3.145623
9,85,0.571609,8.013104,3.145623
9,86,0.571609,8.013104,3.145623
9,87,0.571609,8.013104,3.145623
9,88,0.571609,8.013104,3.145623
9,89,0.571609,8.013104,3.145623
9,90,0.571609,8.013104,3.145623
9,91,0.571609,7.980638,2.900126
9,92,0.571609,7.980638,2.900126
9,93,0.571609,7.980638,2.900126
9,94,0.571609,7.980638,2.900126
9,95,0.571609,7.980638,2.900126
9,96,0.571609,7.980638,2.900126
9,97,0.571609,7.980638,2.900126
9,98,0.571609,7.980638,2.900126
9,99,0.571609,7.980638,2.900126
9,100,0.571609,7.980638,2.900126
10,1,0.641644,44.722828,24.663233
10,2,0.641644,38.233223,22.512248
10,3,0.641644,38.233223,22.084961
10,4,0.641644,35.036827,20.327840
10,5,0.641644,35.036827,20.151650
10,6,0.641644,34.181366,18.715996
10,7,0.641644,27.668463,17.693857
10,8,0.641644,27.668463,17.575103
10,9,0.641644,24.234613,16.791876
10,10,0.641644,24.234613,16.536169
10,11,0.641644,22.820206,14.886827
10,12,0.641644,22.664600,14.464336
10,13,0.641644,22.392941,14.401996
10,14,0.641644,22.392941,14.400483
10,15,0.641644,22.392941,14.400483
10,16,0.641644,20.904547,14.329950
10,17,0.641644,20.904547,14.194292
10,18,0.641644,20.904547,14.194292
10,19,0.641644,20.904547,14.194292
10,20,0.641644,20.904547,13.771018
10,21,0.614679,20.800436,12.124876
10,22,0.614679,20.800436,11.974268
10,23,0.614679,20.800436,11.708943
10,24,0.614679,20.028835,10.704764
10,25,0.614679,19.973970,10.680547
10,26,0.614679,19.973970,10.459896
10,27,0.614679,19.973970,10.401506
10,28,0.614679,19.973970,10.401506
10,29,0.614679,19.973970,10.401506
10,30,0.614679,19.973970,10.401506
10,31,0.614679,19.302319,9.444982
10,32,0.614679,19.302319,9.444982
10,33,0.614679,19.302319,9.444982
10,34,0.614679,19.302319,9.444982
10,35,0.614679,19.302319,9.444982
10,36,0.614679,19.302319,9.444982
10,37,0.614679,19.302319,9.444982
10,38,0.614679,19.302319,9.444982
10,39,0.614679,19.302319,9.444982
10,40,0.614679,19.302319,9.444982
10,41,0.614679,17.984566,8.436175
10,42,0.614679,17.984566,8.436175
10,43,0.614679,17.984566,8.436175
10,44,0.614679,17.984566,8.436175
10,45,0.614679,17.984566,8.436175
10,46,0.614679,17.984566,8.436175
10,47,0.614679,17.984566,8.436175
10,48,0.614679,17.984566,8.436175
10,49,0.614679,17.984566,8.436175
10,50,0.614679,17.984566,8.436175
10,51,0.602148,16.293533,7.294812
10,52,0.602148,16.293533,7.294812
10,53,0.602148,16.293533,7.276588
10,54,0.602148,16.293533,7.276588
10,55,0.602148,16.293533,7.276588
10,56,0.602148,16.293533,7.080390
10,57,0.602148,16.293533,7.080390
10,58,0.602148,16.293533,7.080390
10,59,0.602148,16.293533,7.079353
10,60,0.602148,16.293533,7.079353
10,61,0.602148,14.932711,6.559179
10,62,0.602148,14.932711,6.559179
10,63,0.602148,14.932711,6.467243
10,64,0.602148,14.932711,6.467243
10,65,0.602148,14.932711,6.467243
10,66,0.602148,14.932711,6.467243
10,67,0.602148,14.932711,6.467243
10,68,0.602148,14.932711,6.467243
10,69,0.602148,14.932711,6.467243
10,70,0.602148,14.932711,6.467243
10,71,0.597990,14.070685,5.787305
10,72,0.597990,14.070685,5.787305
10,73,0.597990,13.709299,5.543311
10,74,0.597990,13.709299,5.543311
10,75,0.597990,13.709299,5.543311
10,76,0.597990,13.709299,5.543311
10,77,0.597990,13.709299,5.437220
10,78,0.597990,13.709299,5.437220
10,79,0.597990,13.709299,5.437220
10,80,0.597990,13.709299,5.437220
10,81,0.597990,12.975640,5.001265
10,82,0.597990,12.975640,5.001265
10,83,0.597990,12.975640,5.001265
10,84,0.597990,12.975640,5.001265
10,85,0.597990,12.975640,5.001265
10,86,0.597990,12.975640,5.001265
10,87,0.597990,12.975640,5.001265
10,88,0.597990,12.975640,5.001265
10,89,0.597990,12.975640,5.001265
10,90,0.597990,12.975640,5.001265
10,91,0.597990,12.908259,4.588906
10,92,0.597990,12.908259,4.588906
10,93,0.597990,12.908259,4.588906
10,94,0.597990,12.908259,4.588906
10,95,0.597990,12.908259,4.337358
10,96,0.597990,12.908259,3.938541
10,97,0.597990,12.908259,3.938541
10,98,0.597990,12.243394,3.846308
10,99,0.597990,12.243394,3.846308
10,100,0.597990,12.243394,3.846308
